sequence,candidate_id,headline,event_bucket,announcement_key,primary_source,supporting_sources,confidence
1,R001,AWS to Launch Saudi Cloud Region in December 2026 with HUMAIN AI Zone,Both,AWS Saudi cloud region + HUMAIN AI Zone (Dec 2026 + 50MW by 2028),https://www.aboutamazon.com/news/aws/aws-cloud-region-saudi-arabia,https://www.securities.io/aws-to-open-first-saudi-arabia-cloud-region-in-december-2026/,95
2,R002,HUMAIN and DataVolt Break Ground on 100MW AI Data Center at NEOM,Both,HUMAIN + DataVolt break ground on 100MW of 360MW AI DC at NEOM Oxagon,https://data-volt.com/media/breaking-news/humain-partners-datavolt-develop-100mw-of-a-360mw-ai-datacenter-in-neom/,https://www.neom.com/en-us/newsroom/HUMAIN-and-DataVolt-to-develop-AI-data-center-in-NEOM | https://www.reuters.com/business/energy/saudi-ai-firms-humain-datavolt-partner-data-center-kingdoms-red-sea-coast-2026-08-31/ | https://w.media/datavolt-and-humain-break-ground-on-first-ai-data-center-in-neom/,95
3,R003,Adobe grants $4B in free AI tools to 27M Saudi residents,LEAP 2026,Adobe + MCIT + HUMAIN $4B access to AI tools for 27M residents + culturally tuned model,https://news.adobe.com/news/2026/08/adobe-mcit-and-humain-expand-partnership,https://techafricanews.com/2026/08/31/adobe-humain-mcit-ai-creative-tools-saudi-arabia/ | https://www.argaam.com/en/article/articledetail/id/1932978?amp | https://www.rttnews.com/3686966/adobe-expands-partnership-in-saudi-with-mcit-and-humain.aspx,95
4,R004,HONOR to Unveil World's First Robot Phone at LEAP 2026,LEAP 2026,HONOR to debut world’s first Robot Phone,https://saudigazette.com.sa/article/664013,,95
5,R005,"AMD, MCIT and DCO Launch Open AI Developer Ecosystem at LEAP 2026",DeepFest 2026,"AMD + MCIT + DCO open AI developer ecosystem (ROCm, governance training)",https://newsroom.amd.com/news/amd-saudi-arabia-digital-cooperation-organization-open-developer-ecosystem/,https://x.com/LEAPandInnovate/status/2092575336957448329,95
6,R006,HUMAIN and MinIO Partner to Build AI-Native Data Fabric at LEAP 2026,DeepFest 2026,HUMAIN + MinIO strategic partnership to co-develop HUMAIN Fabric (AI-native data platform),https://www.prnewswire.com/news-releases/humain-and-minio-announce-strategic-partnership-to-build-ai-data-fabric-302865004.html,,95
7,R009,HUMAIN and KORA Co-Develop AI-Native Linux OS for 2027 Launch,DeepFest 2026,HUMAIN + KORA to co-develop HUMAIN OS (AI-native enterprise Linux) for 2027,https://www.prnewswire.com/news-releases/humain-and-kora-partner-to-build-operating-system-at-leap-2026-302865087.html,https://www.unite.ai/de/humain-and-kora-partner-to-build-ai-native-linux-os-at-leap-2026/,95
8,R010,ACES and Movandi Partner on Saudi 5G and 6G Infrastructure,LEAP 2026,ACES + Movandi MoU to localize 5G/6G infra (mmWave + Open RAN),https://www.businesswire.com/news/home/20260831198696/en/,https://www.morningstar.com/news/business-wire/20260831198696/aces-and-movandi-announce-strategic-partnership-to-accelerate-next-generation-5g-and-6g-wireless-infrastructure-in-saudi-arabia-and-the-middle-east-at-leap-2026 | https://ca.finance.yahoo.com/news/aces-movandi-announce-strategic-partnership-103000916.html,95
9,R011,Lenovo Unveils First Saudi-Made Laptop at LEAP 2026 Ahead of Mass Production,LEAP 2026,Lenovo unveils first Saudi-manufactured laptop; Riyadh facility with ALAT,https://news.lenovo.com/pressroom/press-releases/unveils-first-laptop-manufactured-saudi-arabia-supporting-the-kingdoms-vision-for-advanced-manufacturing/,https://arabianreseller.com/2026/08/31/lenovo-unveils-first-laptop-manufactured-in-saudi-arabia/,95
10,R013,Pasqal and KACST Launch Quantum Cryptography Research Ahead of LEAP 2026,LEAP 2026,Pasqal + KACST quantum research collaboration (quantum-safe cryptography),https://www.globenewswire.com/news-release/2026/08/31/3353273/0/en/pasqal-and-kacst-launch-strategic-quantum-research-collaboration-as-pasqal-expands-presence-in-saudi-arabia.html,https://thequantuminsider.com/2026/08/31/pasqal-kacst-quantum-research-saudi-arabia/,100
11,R014,Data Dynamics launches Enterprise 2.0.5 at LEAP 2026 to solve AI data governance bottleneck,DeepFest 2026,"Data Dynamics Enterprise 2.0.5 GA (governed AI at data layer, BYOM, PDPL)",https://www.prnewswire.com/news-releases/data-dynamics-launches-enterprise-2-0-5-at-leap-2026--bringing-governed-ai-to-the-data-layer-302864847.html,https://finance.yahoo.com/technology/ai/articles/data-dynamics-launches-enterprise-2-095800017.html,95
12,R015,Think Unveils Think Fabric at LEAP 2026 to Optimize Bare-Metal AI Compute,DeepFest 2026,"Think unveils Think Fabric (bare-metal, heterogeneous AI compute)",https://www.prnewswire.com/news-releases/think-unveils-think-fabric-a-new-approach-to-bare-metal-heterogeneous-ai-compute-built-for-the-age-of-efficiency-302864558.html,https://think-ai.com/ | https://think-ai.com/newsroom,95
13,R017,NetApp Showcases AI-Ready Data Infrastructure and Autonomous Security at LEAP 2026,LEAP 2026,"NetApp Intelligent Data Infrastructure demos for AI-ready, autonomous data protection",https://www.zawya.com/en/press-release/companies-news/netapp-to-showcase-how-the-netapp-platform-enables-ai-ready-data-unified-storage-proactive-protection-and-complete-control-at-leap-2026-471691,https://intlbm.com/2026/08/31/netapp-boosts-enterprise-data-security-and-ai-protection-at-leap/,95
14,R018,IFS and Microsoft showcase real-world industrial AI applications at LEAP 2026,DeepFest 2026,IFS + Microsoft: Industrial AI from experimentation to execution,https://www.zawya.com/en/press-release/ifs-brings-industrial-ai-from-experimentation-to-execution-at-leap-2026-469150,https://gecnewswire.com/ifs-to-showcase-industrial-ai-at-leap-2026-in-riyadh/,95
15,R019,Smobler Explores Robin AI Expansion to Halal Compliance at LEAP 2026,LEAP 2026,Smobler explores Halal compliance expansion for Robin AI,https://www.prnewswire.com/news-releases/from-haccp-to-halal-smobler-takes-vertical-ai-food-compliance-push-to-leap-2026-302864963.html,https://smobler.io/robin-ai,95
16,R020,Voiset 2.0 Brings AI Voice Planning and Full Arabic Support to MENA at LEAP 2026,LEAP 2026,Voiset 2.0 MENA launch with full Arabic/RTL and bilingual voice,https://finance.yahoo.com/technology/ai/articles/popular-ai-planner-voiset-launches-172900543.html,https://www.voiset.io/blog/personal-planning-with-voiset-2-0,95
17,R022,Salam unveils AI-enabled cloud and connectivity infrastructure at LEAP 2026,LEAP 2026,Salam strategic sponsorship + Connectivity+ AI/cloud solutions,https://www.zawya.com/en/press-release/companies-news/salam-announces-strategic-sponsorship-of-leap-2026-471675,https://www.tahawultech.com/home-slide/salam-named-strategic-sponsor-of-leap-2026-unveils-connectivity-solutions/ | https://gulfbusiness.com/en/2026/brand-view/salam-to-showcase-ai-cloud-at-leap-2026-as-strategic-sponsor/,95
18,R023,Mannai IT Saudi Showcases AI for Smart Cities at LEAP 2026,LEAP 2026,Mannai IT Saudi showcases AI for smart cities and connected stadiums,https://www.tahawultech.com/news/mannai-information-technology-to-highlight-future-of-sports-smart-cities-enterprises-through-ai-and-digital-innovation-at-leap/,https://www.intelligentcio.com/me/2026/08/31/mannai-it-to-showcase-ai-powered-innovation-at-leap-2026/,95
19,R024,AWS Launches Free AI Academy and Hackathon at LEAP 2026,Both,AWS AI Academy (Learn/Build/Certify + Agentic AI Hackathon),https://onegiantleap.com/aws-ai-academy,https://www.instagram.com/reel/Db2-krWE39q/,95
20,R027,Specialized by stc Unveils National Capability Layers at LEAP 2026,LEAP 2026,specialized by stc unveils Business Critical Network + Hadath platform,https://www.zawya.com/en/press-release/companies-news/specialized-by-stc-unveils-national-capability-layers-at-leap-2026-472860,https://gecnewswire.com/stc-group-returns-as-strategic-partner-for-leap-2026/ | https://techafricanews.com/2026/08/31/specialized-by-stc-advances-zero-failure-networks-for-critical-operations-in-saudi-arabia/ | https://fintechgate.net/250477,95
21,R028,Ericsson Showcases 5G Advanced and AI Networks at LEAP 2026,LEAP 2026,"Ericsson to showcase 5G Advanced, AI networks, mission-critical connectivity",https://www.ericsson.com/en/press-releases/5/2026/ericsson-at-leap-2026,https://saudishopper.com.sa/en/ericsson-at-leap-2026-saudi-arabia/ | https://en.sharikatmubasher.com/media-hub/news/21570261/ericsson-to-showcase-advanced-solutions-at-leap-2026,95
22,R029,Huawei Unveils AI-Powered Enterprise Solutions Under 'Advancing Industrial All Intelligence' Theme at LEAP 2026,LEAP 2026,Huawei Enterprise theme ‘Advancing Industrial All Intelligence’ with sector solutions,https://e.huawei.com/sa/events/branding/leap/2026,,90
23,R030,Cisco unveils Saudi cloud data centers and local manufacturing plans,LEAP 2026,Cisco KSA presence: cloud data centers live + local manufacturing plan,https://news-blogs.cisco.com/emea/2025/02/09/cisco-saudi-arabia-cloud-data-centers-ai-talent-manufacturing/,https://www.cisco.com/c/m/en_ae/training-events/2026/cisco-leap/index.html,95
24,R031,IBM and Ejada Systems Use AI Agent Bob to Accelerate Enterprise Modernization in Saudi Arabia,DeepFest 2026,IBM + Ejada use ‘IBM Bob’ to accelerate enterprise modernization in KSA,https://mea.newsroom.ibm.com/Ejada-IBM-Bob,https://www.zawya.com/en/press-release/companies-news/ibm-and-ejada-systems-leverage-ibm-bob-to-help-accelerate-enterprise-modernization-in-saudi-arabia-399482,95
25,R033,SBM Unveils Maxera 3D Digital Twin Powered by IBM Maximo at LEAP 2026,LEAP 2026,SBM launches Maxera 3D digital twin on IBM Maximo/watsonx,https://t.co/W2NiqyUjDU,https://www.ibm.com/events/leap,95
26,R036,Cloudflare Spotlights Agentic AI Infrastructure and Security at LEAP 2026,DeepFest 2026,"Cloudflare AI security for agentic infrastructure (Zero Trust, Firewall for AI)",https://cxodx.com/cloudflare-to-spotlight-ai-security-and-agentic-infrastructure-vision-at-leap-2026/,https://techxmedia.com/en/cloudflare-to-showcase-ai-security-at-leap-2026/,95
27,R038,Mobiz launches three enterprise AI and cloud solutions at LEAP 2026,LEAP 2026,"Mobiz launches 3 enterprise solutions (Audit Ready, Agentic SDLC, Migration Accelerator)",https://www.mobizinc.com/events/mobiz-at-leap,,90
28,R039,Horizontal Digital Debuts Agentic AI Concierge with Salesforce at LEAP 2026,DeepFest 2026,Horizontal Digital + Salesforce Agentforce ‘Digital Concierge’ for hospitality,https://www.horizontaldigital.com/news/leap-2026-with-salesforce,https://blog.horizontaldigital.com/re-architecting-saudi-real-estate-experience-era,95
29,R040,Link Development Launches Frontier Ascent Agentic AI Operating Model at LEAP 2026,DeepFest 2026,Link Development ‘Frontier Ascent’ governed agentic AI operating model,https://linkdevelopment.com/newsroom/events/architecting-the-intelligent-enterprise-link-developments-frontier-ascent-at-leap-2026/,https://linkdevelopment.com/leap-2026/,95
30,R041,Twaasol Showcases MENA-First Cisco Meeting Rooms Certification at LEAP 2026,LEAP 2026,Twaasol earns Cisco Powered Services Certification for Meeting Rooms (MENA first),https://www.linkedin.com/posts/twaasol_leap2026-cisco-twaasol-activity-7490450818014384129-THwR,https://www.cisco.com/c/m/en_ae/training-events/2026/cisco-leap/index.html | https://twaasol.com/twaasol-leads-the-future-of-work-in-mena-with-landmark-cisco-certifications/ | https://www.linkedin.com/posts/twaasol_twaasol-cisco-managedservices-activity-7485787690143997952-sAUK,95
31,R042,CONNECT PS and Cisco Debut Splunk Observability for Contact Centers at LEAP 2026,LEAP 2026,CONNECT PS debuts Cisco Splunk Observability for contact centers,https://followict.news/en/connect-ps-strengthens-its-presence-at-leap-2026-showcasing-a-unique-cisco-splunk-observability-experience-for-modern-contact-centers/,https://egyeconomy.com/en/16/08/2026/76959/,95
32,R046,Jisr Unveils Next-Gen Integrated HR and Finance Platform at LEAP 2026,LEAP 2026,Jisr launches integrated HR + Finance platform (next-gen),https://www.zawya.com/en/press-release/events-conferences/leap-2026-sees-launch-of-new-technologies-for-hr-and-financial-operations-472694,,95
33,R048,MOZN Expands Enterprise AI Focus at LEAP 2026 Following HUMAIN Investment,DeepFest 2026,MOZN expands to enterprise AI platform after HUMAIN investment,https://www.mozn.ai/blog/leap-2026-riyadh,,95
34,R054,Accenture to Unveil Sovereign AI Strategy Research at LEAP 2026,DeepFest 2026,Accenture to unveil sovereign AI research for Middle East,https://fastcompanyme.com/news/accenture-highlights-whats-next-for-sovereign-ai-in-the-middle-east-at-leap-2026/,,95
35,R056,"Oracle and AMD Partner on 50,000 MI450 GPU Supercluster at DeepFest 2026",DeepFest 2026,"Oracle + AMD: 50,000 MI450 GPU AI supercluster on OCI (Q3’26)",https://www.oracle.com/news/announcement/ai-world-oracle-and-amd-expand-partnership-to-help-customers-achieve-next-generation-ai-scale-2025-10-14/,https://www.facebook.com/Deepfestevent/posts/todays-most-demanding-ai-workloads-require-the-right-solutions-amd-joins-deepfes/1055946600648145/,95
36,R058,"AMD, Cisco, and HUMAIN Launch Live AI Infrastructure in Saudi Arabia",DeepFest 2026,AMD + Cisco + HUMAIN AI infra goes live in Saudi; path to 1 GW by 2030,https://ir.amd.com/news-events/press-releases/detail/1298/amd-cisco-and-humain-expand-saudi-arabias-ai-infrastructure-as-amd-instinct-systems-go-live,https://www.humain.com/news/amd-and-humain-launch,100
37,R060,Snowflake plans strategic MCIT initiative at LEAP 2026 for Saudi AI expansion,LEAP 2026,Snowflake to announce Saudi MCIT initiative; Agentic Enterprise showcase,https://ciome.economictimes.indiatimes.com/news/cloud-computing/snowflake-deepens-saudi-push-with-planned-mcit-tie-up-at-leap-2026/133452499,https://www.bizpreneurme.com/snowflake-to-showcase-the-future-of-agentic-enterprise-at-leap-2026/,95
38,R062,SparkLabs Saudi to debut 8 portfolio startups at LEAP 2026,LEAP 2026,SparkLabs Saudi Cohort 1 Demo Day (8 startups) at LEAP,https://www.linkedin.com/posts/menastartupdigest_sparklabs-ksu-demo-day-to-showcase-eight-activity-7499103621423341568-kQCQ,https://riyadhtechweek.com/events/sparklabs-ksu-cohort-1-demo-day | https://onegiantleap.com/session/sparklabs-ksu-cohort-1-demo-day,95
39,R063,Ignite Brings 10 Promising Pakistani Startups to LEAP 2026,LEAP 2026,Ignite (Pakistan) sponsors 10 startups at LEAP; sectors + booth,https://www.linkedin.com/posts/ignitentf_ignite-leap2026-leapriyadh-activity-7499738617377001473-tVuA,https://ignite.org.pk/leap2026/,95
40,R066,New Taipei City Government Brings 20 Taiwanese Tech Companies to LEAP 2026,LEAP 2026,"New Taipei City Gov leads 20 Taiwanese firms (Hall 3, C190)",https://www.prnewswire.com/ae/news-releases/new-taipeis-tech-ecosystem-leaps-into-the-middle-east-20-companies-to-showcase-at-leap-2026-302852444.html,,95
41,R067,Taiwan Excellence Brings 22 AI Hardware Brands to LEAP 2026 Debut,LEAP 2026,Taiwan Excellence brings 22 AI hardware brands (‘Taiwan AI Island’),https://www.linkedin.com/posts/taiwan-excellence_taiwanexcellence-saudivision2030-leap2026-activity-7499359888838627328-HgoN,https://www.taiwanexcellence.org/en/press/events/1104,95
42,R068,LEAP 2026 Tech Arena Showcases Unitree and AGIBOT Humanoid Robots,LEAP 2026,"Tech Arena live robotics: Unitree, AGIBOT A2 Ultra; BCI by COGNIXION",https://www.kitsapsun.com/press-release/story/791482/leap-2026-opens-tomorrow-what-to-watch-as-the-global-technology-community-gathers-in-riyadh/,https://en.arageek.com/leap-2026-riyadhs-tech-mega-event-eyes-ai-and-14-5-trillion-in-investments,95
43,R069,LivNSense GreenOps Selected as Top 100 Rocket Fuel Finalist at LEAP 2026,LEAP 2026,LivNSense GreenOps Top 100 Rocket Fuel finalist (industrial decarbonization AI),https://in.linkedin.com/company/livnsense-technologies-pvt-ltd,https://thefintechtimes.com/leap-2026-opens-with-a-fintech-track-and-no-fintech-news/ | https://replyfabric.ai/blog/leap-riyadh-startup-programme-approved,95
44,R072,NTT DATA Showcases Sovereign AI and Smart Cities at LEAP 2026,LEAP 2026,"NTT DATA ‘Cities that Think’—sovereign/agentic AI, twins, robotics",https://services.global.ntt/en-us/newsroom/ntt-data-to-showcase-ai-powered-intelligent-ecosystems-at-leap-2026,https://techitupme.com/ntt-data-to-showcase-ai-ecosystems-at-leap-2026/ | https://enterpriseitworldmea.com/ntt-data-to-showcase-ai-powered-intelligent-ecosystems-at-leap-2026/,100
45,R090,Saudi Arabia Launches SAMAI 2 AI Procurement Across 11 Ministries,DeepFest 2026,Saudi SAMAI 2: 11-ministry AI procurement framework (Year of AI),https://audixintel.com/saudi-year-of-ai-2026-samai/,https://sdaia.gov.sa/en/MediaCenter/News/Pages/NewsDetails.aspx?NewsID=365 | https://vision2030.ai/analysis/year-of-ai/,95
46,R091,Microsoft Brings HUMAIN's Arabic AI Models to Global Platforms,DeepFest 2026,Microsoft + HUMAIN long-term collab to bring ALLaM to Foundry and M365 Copilot,https://news.microsoft.com/source/emea/2026/08/microsoft-and-humain-announce-long-term-strategic-collaboration-to-enable-ai-transformation-in-saudi-arabia-and-beyond-2/,https://www.middleeastainews.com/p/humain-arabic-models-coming-to-microsofts | https://www.channelinsider.com/channel-business/mergers-and-acquisitions/news-microsoft-humain-allam-arabic-ai-partnership-saudi-arabia-apac/,95
47,R094,LEAP Nights Partners With F1 Saudi Arabia For 2027 Grand Prix Early Access,LEAP 2026,LEAP Nights x F1 Saudi Motorsport partnership (2027 GP early access),https://www.kitsapsun.com/press-release/story/791482/leap-2026-opens-tomorrow-what-to-watch-as-the-global-technology-community-gathers-in-riyadh/,https://fintechgate.net/250376 | https://en.arageek.com/leap-2026-riyadhs-tech-mega-event-eyes-ai-and-14-5-trillion-in-investments,95
48,B003,Unifonic Unveils Agentic AI Customer Experience Strategy at LEAP 2026,DeepFest 2026,Unifonic agentic AI CX platform + Agentic Marketing (Segmentify integration),https://www.zawya.com/en/press-release/companies-news/unifonic-demonstrates-how-agentic-ai-is-redefining-customer-experiences-at-leap-2026-472859,https://arabianreseller.com/2026/08/31/unifonic-showcases-how-agentic-ai-is-redefining-customer-experience-at-leap-2026/,95
49,B004,MXVi Secures Major Saudi Contract and Showcases Vi5 In-Vehicle Platform at LEAP 2026,LEAP 2026,MXVi showcases Vi5 mission-critical vehicle device; wins major Saudi contract,https://www.criticalcommunicationsreview.com/ccr/news/119565/mxvi-takes-a-huge-leap-forward-in-saudi-arabia,,95
50,B005,Octave Demonstrates Connected Intelligence Platform for Asset Lifecycle Management at LEAP 2026,LEAP 2026,Octave (Hexagon spin-out) showcases connected intelligence for asset lifecycle,https://www.tahawultech.com/enterprise/octave-at-leap-2026-unleashing-intelligence-at-scale/,,90
51,B006,Saudi Justice Ministry unveils AI-driven user experience enhancements,LEAP 2026,Saudi MOJ ‘Rights Protection System’ (AI-enabled user-centric justice),https://www.spa.gov.sa/en/N2664693,https://english.ajel.sa/saudi-arabia/lk7of5das,90
52,B007,RIOTEC Connects Middle East Integrators With Taiwan Barcode Expertise,LEAP 2026,RIOTEC barcode scan engines/modules outreach to ME integrators,https://gecnewswire.com/riotec-to-showcase-barcode-scanning-expertise-at-leap-2026/,https://www.riotec.com.tw/list/cate-405170.htm,95
53,B008,Tencent Cloud Inks TruKKer Partnership Ahead of LEAP 2026,LEAP 2026,Tencent Cloud + TruKKer partnership: KSA migration + CodeBuddy adoption,https://www.tencentcloud.com/dynamic/news-details/101485,https://finance.yahoo.com/technology/ai/articles/tencent-cloud-partners-logistics-platform-060400456.html | https://enterpriseitworldmea.com/tencent-cloud-expands-middle-east-footprint-with-trukker-partnership-and-ai-push-in-saudi-arabia/ | https://hostingjournalist.com/news/tencent-cloud-wins-trukker-logistics-platform-migration-in-saudi-arabia,100
54,B009,24 Omani Tech Companies Showcase Services at LEAP 2026,LEAP 2026,Oman delegation (24 tech companies) under ‘Numou’ growth program,https://www.muscatdaily.com/2026/08/31/omani-tech-firms-showcase-services-at-leap-2026-in-saudi/,https://www.fananews.com/language/en/24-omani-companies-showcase-services-at-leap-2026-in-saudi-arabia/ | https://x.com/ONA_eng/status/2094387779472121945,95
55,B010,Saudi Red Crescent Deploys Specialized Emergency Teams for LEAP 2026,LEAP 2026,Saudi Red Crescent deploys specialized emergency teams for LEAP 2026,https://www.spa.gov.sa/en/N2665152,https://english.ajel.sa/saudi-arabia/izj5bv1gf,95
56,B013,Riyadh Metro Launches Dedicated LEAP 2026 Shuttle Route,LEAP 2026,Riyadh Metro dedicated shuttle routes for LEAP (Blue Line SAB ↔ RECC),https://destinationksa.com/en/riyadh-metro-to-leap-routes/,https://whatsonsaudiarabia.com/2026/08/leap-2026-via-the-riyadh-metro/ | https://x.com/RiyadhTransport/status/2094037481653997853,95
57,B014,Saudi Tourism Ministry Launches Unified Digital Platform at LEAP 2026,LEAP 2026,Saudi Ministry of Tourism unified digital services platform + ‘Tourism X’ AI,https://sabq.org/article/yv1gcvx,https://www.mubasher.info/news/4666171/%D8%A7%D9%84%D8%B3%D8%B9%D9%88%D8%AF%D9%8A%D8%A9-%D8%AA%D8%B7%D9%84%D9%82-%D9%85%D9%86%D8%B5%D8%A9-%D9%85%D9%88%D8%AD%D8%AF%D8%A9-%D9%84%D8%AE%D8%AF%D9%85%D8%A7%D8%AA-%D8%A7%D9%84%D9%82%D8%B7%D8%A7%D8%B9-%D8%A7%D9%84%D8%B3%D9%8A%D8%A7%D8%AD%D9%8A-%D8%AE%D9%84%D8%A7%D9%84-%D9%85%D8%A4%D8%AA%D9%85%D8%B1-%D9%84%D9%8A%D8%A8-2026/,95
58,B015,Tahakom Technology Unveils Smart Pass and Siraj AI Solutions at LEAP 2026,LEAP 2026,Tahakom Technology ‘Smart Pass’ biometric travel + ‘Siraj’ analytics,https://sabq.org/article/w79hfjs,https://www.spa.gov.sa/en/N2665174,95
59,B016,LEAP 2026 Tech Arena Showcases AI-Powered Prosthetics and Brain-Computer Interfaces,LEAP 2026,Tech Arena: PSYONIC AI prosthetic and Cognixion Axon-R BCI demos,https://biotech.disruptsmedia.com/digital-health/leap-2026-opens-health-tech-fringe-ai-show,https://www.beaconjournal.com/press-release/story/217769/global-ai-leaders-to-headline-leap-2026-as-riyadh-marks-the-year-of-ai/ | https://www.detroitnews.com/press-release/story/165297/leap-2026-opens-tomorrow-what-to-watch-as-the-global-technology-community-gathers-in-riyadh/,95
60,B018,Kanz and Saudi HRSD Bring AI Guinness World Record to LEAP 2026,LEAP 2026,"Kanz + HRSD Guinness AI lesson record; 3,428 functioning projects output",https://thesauditimes.net/en/a-guinness-world-record-for-ai-a-vision-2030-call-to-build/,https://enmaeya.com/en/news/6a7efbce0a3379c28b470a28 | https://www.spa.gov.sa/en/N2664822,95
61,B020,Mobily and Nokia Sign MoU to Advance AI-Powered Network Efficiency at LEAP 2026,LEAP 2026,Mobily + Nokia MoU on AI-powered network efficiency and sustainability,https://www.mubasher.info/news/4666056/%D9%85%D9%88%D8%A8%D8%A7%D9%8A%D9%84%D9%8A-%D8%AA%D9%88%D9%82%D8%B9-%D9%85%D8%B0%D9%83%D8%B1%D8%A9-%D8%AA%D9%81%D8%A7%D9%87%D9%85-%D9%85%D8%B9-%D9%86%D9%88%D9%83%D9%8A%D8%A7-%D8%B6%D9%85%D9%86-%D9%81%D8%B9%D8%A7%D9%84%D9%8A%D8%A7%D8%AA-%D9%85%D8%A4%D8%AA%D9%85%D8%B1-LEAP/,https://x.com/Mobily/status/2094375391108465071,95
62,B022,Saudi Arabia's Digital Experience Maturity Rises to 87%,LEAP 2026,DGA Digital Experience Maturity Index 2026: 87.06% (Advanced),https://dga.gov.sa/en/news/results-digital-experience-maturity-index-2026,https://saudigazette.com.sa/article/663669 | https://www.alarabiya.net/aswaq/economy/2026/08/12/%D8%A7%D9%84%D8%B3%D8%B9%D9%88%D8%AF%D9%8A%D8%A9-%D8%AA%D8%B1%D9%81%D8%B9-%D9%85%D8%A4%D8%B4%D8%B1-%D9%86%D8%B6%D8%AC-%D8%A7%D9%84%D8%AA%D8%AC%D8%B1%D8%A8%D8%A9-%D8%A7%D9%84%D8%B1%D9%82%D9%85%D9%8A%D8%A9-%D8%A7%D9%84%D9%89-8706-%D9%81%D9%8A-2026,95
63,B024,Masdar Showcases Data and AI Solutions at LEAP 2026,LEAP 2026,"Masdar (Saudi) showcases data/AI platforms: Mofeed, Aamaly, Labeeb, HIP",https://sabq.org/article/h8mfqnj,,95
64,B028,Saudi Council of Engineers Launches Mu'tamad Platform at LEAP 2026,LEAP 2026,Saudi Council of Engineers launches Mu'tamad platform,https://www.spa.gov.sa/N2665279,,100
65,B029,Saudi Social Development Bank Launches AI Smart Collection Service at LEAP 2026,LEAP 2026,Social Development Bank launches AI ‘Smart Collection’ + ‘Noura’ chatbot,https://www.mubasher.info/news/4666131/%D8%A8%D9%86%D9%83-%D8%A7%D9%84%D8%AA%D9%86%D9%85%D9%8A%D8%A9-%D8%A7%D9%84%D8%A7%D8%AC%D8%AA%D9%85%D8%A7%D8%B9%D9%8A%D8%A9-%D9%8A-%D8%B7%D9%84%D9%82-%D8%AE%D8%AF%D9%85%D8%A9-%D8%A7%D9%84%D8%AA%D8%AD%D8%B5%D9%8A%D9%84-%D8%A7%D9%84%D8%B0%D9%83%D9%8A-%D8%A7%D9%84%D9%85%D8%AF%D8%B9%D9%88%D9%85%D8%A9-%D8%A8%D8%A7%D9%84%D8%B0%D9%83%D8%A7%D8%A1-%D8%A7%D9%84%D8%A7%D8%B5%D8%B7%D9%86%D8%A7%D8%B9%D9%8A/,,95
66,B031,Microsoft Confirms Saudi Arabia East Cloud Region Launch for November 2026,LEAP 2026,Microsoft Saudi Arabia East cloud region to launch Nov 2026,https://www.middleeastainews.com/p/microsoft-to-launch-saudi-cloud-region,https://www.linkedin.com/posts/ayalghamdi_microsoftannounces-saudi-arabia-east-datacenter-activity-7500188541159714816-Piwt,95
67,B032,Saudi Ministry of Interior Launches Tech Pavilion at LEAP 2026,LEAP 2026,Saudi MOI pavilion launch: ‘Technological Solutions for a Secure Nation’,https://www.spa.gov.sa/N2665280,https://sabq.org/article/1df2qmf | https://www.spa.gov.sa/en/N2661497,95
68,B033,Saudi Passports Directorate Launches Resident Photo Update on Absher,LEAP 2026,Saudi Passports (Jawazat) enables resident photo update via Absher,https://english.ajel.sa/saudi-arabia/as3q525w0,https://english.ajel.sa/saudi-arabia/8a3ei6nfs,95
69,B034,Saudi Civil Defense Showcases Smart Helmet at LEAP 2026,LEAP 2026,Saudi Civil Defense shows Smart Helmet + Early Warning + Salama portal,https://www.spa.gov.sa/N2665364,,95
70,B035,Saudi Border Guard Unveils Zawal Maritime Security Tech at LEAP,LEAP 2026,Saudi Border Guard unveils ‘Zawal’ maritime security portal,https://www.spa.gov.sa/N2665331,,95
71,B036,Saudi Ministry of Interior Unveils AI-Powered Smart Healthcare Unit at LEAP 2026,LEAP 2026,MOI Medical Services unveils AI-enabled ‘Smart Healthcare Unit’,https://www.spa.gov.sa/N2665336,https://swiftnewz.com/archives/747818,95
72,B039,iQIBLA Unveils Smart Rings and Kids AI Phones at LEAP,LEAP 2026,"iQIBLA debuts new ecosystem: Zikr Ring R1/Aura, Hajj Band, QIMI Phone",https://natlawreview.com/press-releases/iqibla-make-debut-leap-2026-unveiling-new-product-strategy-and-innovations,,95
73,B040,Syria Debuts at LEAP 2026 Highlighting Telecom Investments and Silk Link Project,LEAP 2026,Syria debuts at LEAP with national pavilion; ‘Silk Link’ telecom project,https://www.spa.gov.sa/en/N2664489,https://sabq.org/en/article/the-syrian-communications-and-information-technology-sector-participates-in-leap-2026 | https://saudishopper.com.sa/en/syrian-tech-sector-leap-2026/,95
74,S003,Together AI and HUMAIN to Build 250MW Data Center in Saudi Arabia,DeepFest 2026,Together AI + HUMAIN to build 250MW AI data center and cloud services,https://www.businesswire.com/news/home/20260831746233/en/Together-AI-and-HUMAIN-Form-Strategic-Partnership-to-Accelerate-AI-Infrastructure-and-Cloud-Services-in-Saudi-Arabia,,95
75,S004,HUMAIN and Applied Intuition to Deploy National Autonomous Trucking Network,DeepFest 2026,HUMAIN + Applied Intuition to deploy national autonomous trucking network,https://www.prnewswire.com/ae/news-releases/humain-and-applied-intuition-announce-strategic-collaboration-to-deploy-physical-ai-across-saudi-arabia-starting-with-autonomous-trucking-302865099.html,https://en.sharikatmubasher.com/media-hub/news/21571626/humain-applied-intuition-to-deploy-autonomous-trucks-across-saudi-arabia?lang=en,95
76,S006,HP Launches Garage 2.0 AI Startup Incubator at LEAP 2026,LEAP 2026,HP launches Garage 2.0 AI startup incubator; Dhahran CoE progress,https://www.middleeastainews.com/p/hp-brings-garage-20-ai-startup-incubator,https://almashhadnewspaper.com/?p=535,95
77,S012,BIOSTAR Launches EdgeComp Jetson Thor Systems at DeepFest 2026,DeepFest 2026,BIOSTAR EdgeComp MS-NAT4000 (Jetson Thor) industrial edge AI systems,https://www.biostar.com.tw/app/en/news/news.php?S_ID=698,https://windowsforum.com/windows-news.4/biostar-edgecomp-brings-jetson-thor-systems-to-deepfest-2026.441967/,95
78,S014,Cloudera Unveils Anywhere Cloud with Zero-Trust Governance at LEAP 2026,DeepFest 2026,"Cloudera Anywhere Cloud (zero-trust, sovereign data, multi-cloud AI)",https://channelpostmea.com/2026/08/21/cloudera-to-present-newly-launched-anywhere-cloud-at-leap-2026/,,95
79,S018,AI Geo Navigators Unveils MIRSAD Hazard Platform at LEAP 2026,Both,AI Geo Navigators: MIRSAD Saudi hazard/climate screening (LEAP x DeepFest),https://aigeo360.com/ai-geo-navigators-leap-deepfest-2026/,,95
80,S019,Astrik to Showcase Classpedia and AI Enterprise Ecosystem at LEAP 2026,LEAP 2026,"Astrik to showcase Classpedia, Synclo, Chattrik (enterprise AI ecosystem)",https://www.astrik.com/press-release/astrik-to-showcase-its-ai-powered-enterprise-technology-ecosystem-at-leap-2026,,95
81,S022,HP's Riyadh Facility Begins Commercial Production of Tech Products,LEAP 2026,HP Riyadh facility enters ongoing commercial production,https://almojazaleqtisadi.com/?p=1050,https://samaworld.com/2026/08/30/hp-delivers-measurable-progress-in-saudi-arabia-across-ai-innovation-local-manufacturing-and-future-skills/,95
82,S024,NC AI Unveils Full-Stack Physical AI at LEAP 2026 for Middle East Expansion,LEAP 2026,"NC AI brings ‘Full-Stack Physical AI’ (twins, world models, robot FMs)",https://en.edaily.co.kr/news/eda202608315303/,,95
83,S029,WeRide Showcases Robotaxi GXR and Robobus at LEAP 2026,LEAP 2026,"WeRide shows Robotaxi GXR, Robobus, Robosweeper S1 + keynote",https://www.linkedin.com/posts/werideai_leap2026-riyadh-robotaxi-activity-7498575545723404288-yKJS,https://www.instagram.com/p/DchwNrxlBhH/,100
84,S030,Usetech to Present Operational Technology Portfolio at LEAP 2026,LEAP 2026,"Usetech operational tech portfolio (Launch, Octopus, Smart City/Manufacturing)",https://menawirenow.com/2026/08/usetech-to-showcase-its-operational-technology-portfolio-at-leap-2026-in-riyadh/,,95
85,B043,HUMAIN Unveils Agentic AI PC Built With Qualcomm at LEAP,LEAP 2026,"HUMAIN unveils Horizon Ultra AI PC (Snapdragon X2 Elite); Windows now, HUMAIN OS 2027",https://www.prnewswire.com/news-releases/microsoft-and-humain-expand-strategic-collaboration-at-leap-2026-with-new-enterprise-ai-offering-and-ai-pc-302865157.html,https://www.agbi.com/tech/2026/08/saudi-arabias-humain-and-qualcomm-unveil-ai-laptop/ | https://bridgemena.com/news/humain-prepares-to-unveil-ai-powered-pc-at-leap-2026,95
86,B048,WE Solutions and Movandi Partner on Saudi Advanced Wireless Deployment,LEAP 2026,WE Solutions + Movandi MoU to accelerate advanced wireless in KSA,https://www.businesswire.com/news/home/20260831813478/en/WE-Solutions-and-Movandi-Announce-Strategic-Partnership-to-Accelerate-Advanced-Wireless-Deployment-in-Saudi-Arabia,,95
87,R026,Pakistan Tech Firms Target Saudi Expansion at LEAP 2026,LEAP 2026,"Pakistan tech firms seek deeper Saudi foothold (pavilion, KAACIB Riyadh office)",https://www.arabnews.com/node/2656296/pakistan,https://www.arabnews.com/node/2656393/pakistan,95
88,R064,Blossom Accelerator Named Official LEAP 2026 Soft-Landing Partner for Startups,LEAP 2026,Blossom Accelerator named official LEAP soft-landing partner,https://blossom.sa/founders-startups/soft-landing/,https://www.instagram.com/p/DUvTvHWAprz/ | https://x.com/BlossomAccel/status/2087573769841775006 | https://onegiantleap.com/session/blossom-accelerator-partner-session-saudi-soft-landing-setting-market-entry-and-contracting,95
89,R077,Builders Tribe and P@SHA Lead Founder Delegations to LEAP 2026,LEAP 2026,Builders Tribe + P@SHA lead founder delegations (Africa/GCC + Pakistan),https://www.tribetechie.com/blog/leap-2026-founder-delegation,https://www.pasha.org.pk/global-events/leap-2026/ | https://www.linkedin.com/posts/builderstribe_leap2026-builderstribe-startups-activity-7485559312128405504-LspU,95
90,R087,QuikBot and EFGH Partner to Embed Real-Time Insurance into Physical AI,LEAP 2026,QuikBot + EFGH embed real-time insurance for autonomous systems,https://efgh.xyz/newsroom/press-releases/efgh-and-quikbot-launch-real-time-insurance-for-autonomous-systems,https://finance.yahoo.com/technology/ai/articles/quikbot-vs-serve-robotics-nasdaq-183745322.html | https://quikbot.ai/about/,95
91,S020,Velaura AI Secures $110M Series A at $1B+ Valuation for Energy-Efficient AI Computing,DeepFest 2026,Velaura AI raises $110M Series A ($1B+ val) for energy‑efficient AI compute,https://arabfounders.net/en/velaura-ai-raises-110m-series-a-billion-dollar-valuation/,,95
92,R093,LEAP 2026 Names Gulf Car and Makani as Official Transportation and Internal Shuttle Providers,LEAP 2026,LEAP 2026 mobility ops: Gulf Car (transport) + Makani (internal shuttles),https://www.linkedin.com/posts/leapandinnovate_leap26-gulfcar-transportationpartner-activity-7498063151905677312-p0Ab,https://www.facebook.com/LEAPandInnovate/posts/getting-to-and-around-leap-has-never-been-easierwere-proud-to-have-gulf-car-as-o/1424741993130981/ | https://www.swvl.com/leap | https://www.linkedin.com/posts/leapandinnovate_leap26-makani-internalshuttle-activity-7498275286958915584-8_vn,95
93,S011,LIVE4WELL Showcases AI-Driven Preventive Health Platform at LEAP 2026,LEAP 2026,"LIVE4WELL demos AI preventive health (30s retinal, 90s stress indices)",https://www.zawya.com/en/press-release/asia-press-releases/digital-entertainment-leadership-forum-2026-opens-tomorrow-469643,,95
94,S017,LEAP 2026 Debuts GameX Creative with Roblox and ESL FACEIT Experiences,LEAP 2026,GameX Creative debuts with Roblox ‘LEAP Into New Worlds’ + ESL FACEIT racing,https://www.intelligentcio.com/me/2026/08/31/leap-2026-opens-today-in-riyadh/,https://www.tradearabia.com/News/467155/Global-technology-community-gathers-in-Riyadh-as-LEAP-2026-opens | https://medal.tv/games/roblox/experiences/1b8JjCAWWloic1/leap-into-new-worlds,90
95,R086,Saudi Proptech Ghanem Secures $7.1M to Expand Fractional Real Estate Platform,LEAP 2026,Ghanem raises $7.1M to scale fractional real estate platform (REGA sandbox),https://thestartupscene.me/INVESTMENTS/Saudi-Proptech-Ghanem-Raises-7-1M-From-Al-Romaih-Group,https://fintech.global/2025/11/17/ghanem-secures-7-1m-for-new-fractional-ownership-tools/ | https://en.incarabia.com/ksabased-ghanem-pockets-us71-million-from-alromaih-group-802325.html,95
96,B049,Profit.co Spotlights AI-Powered Performance Management Platform at LEAP 2026,LEAP 2026,Profit.co showcases AI-powered continuous performance management,https://www.pressrelease.com/news/profit-co-spotlights-ai-powered-performance-management-at-leap-2026-in-22854668,,95
97,B041,Saudi Digital Exhibition to Launch 20 Digital Products at LEAP 2026,LEAP 2026,DGA’s Saudi Digital Exhibition: 20+ gov product launches; 30+ MoUs,https://www.spa.gov.sa/en/N2661497,,95
98,R099,Saudia Secures Airbus Fleet Financing MoU at LEAP 2026,LEAP 2026,Saudia Group–Saudi EXIM–Crédit Agricole CIB MoU for Airbus fleet financing,https://www.tradearabia.com/News/466932/Saudia-Group-signs-MoU-to-explore-financing-for-Airbus-fleet-expansion,https://www.saudiarabiabreakingnews.com/post/saudia-saudi-exim-and-cr%C3%A9dit-agricole-cib-sign-mou-on-airbus-financing,95
99,R078,LEAP 2026 Rescheduled to August Amid Regional Conflict,Both,LEAP/DeepFest 2026 rescheduled to Aug 31–Sep 3 (regional conflict impact),https://vision2030.ai/analysis/leap-2026-postponed/,https://www.arabnews.com/node/2636900/business-economy,95
100,M001,Saudi Human Resources Ministry Brings New Digital Services to LEAP 2026,LEAP 2026,Saudi Ministry of Human Resources launches digital beneficiary services and service-development MoUs at LEAP 2026,https://www.alarabiya.net/aswaq/saudi-economy/2026/08/31/%D8%A7%D9%84%D9%85%D9%88%D8%A7%D8%B1%D8%AF-%D8%A7%D9%84%D8%A8%D8%B4%D8%B1%D9%8A%D8%A9-%D8%A7%D9%84%D8%B3%D8%B9%D9%88%D8%AF%D9%8A%D8%A9-%D8%AA%D8%B7%D9%84%D9%82-%D8%B9%D8%AF%D8%AF%D8%A7-%D9%85%D9%86-%D8%A7%D9%84%D9%85%D9%86%D8%AA%D8%AC%D8%A7%D8%AA-%D9%88%D8%A7%D9%84%D8%AD%D9%84%D9%88%D9%84-%D8%A7%D9%84%D8%B1%D9%82%D9%85%D9%8A%D8%A9-%D8%AE%D9%84%D8%A7%D9%84-%D9%84%D9%8A%D8%A8-2026,https://www.saudiarabiapr.com/local-news/193740-human-resources-ministry-participates-in-leap-2026,96
