2	pass	needs_correction	NA	Repetitive sentence at the end of the article: "The project will significantly enhance the region's capabilities..." is repeated 9 times.
5	pass	needs_correction	NA	Repetitive paragraphs at the end of the article | Promotional or keyword-stuffed language
6	pass	needs_correction	NA	repetitive or keyword-stuffed writing | promotional tone
10	needs_correction	pass	a joint venture with Eleven Ventures — NA	NA
23	needs_correction	needs_correction	Cisco announced at LEAP 2026 — Cisco announced at LEAP	The draft is extremely repetitive, promotional, and padded. It reads like a PR piece rather than professional newsroom copy. Examples of padding include "The broader implications of these initiatives extend beyond the technology sector...", "This localized infrastructure is expected to have a profound impact on the Kingdom's digital landscape...", and repetitive phrases about Vision 2030 and economic benefits. | The prose needs significant tightening and removal of fluff.
26	pass	needs_correction	NA	Repetitive writing and keyword stuffing (excessive use of "artificial intelligence" instead of "AI")
27	pass	needs_correction	NA	Highly repetitive and padded prose ("The Audit Ready Compliance Platform is designed to simplify the often-complex process of maintaining compliance" repeats the previous paragraph; paragraphs 7, 8, 9 simply restate paragraphs 2, 3, 4 without adding new information) | Keyword stuffing ("Mobiz LEAP 2026 announcements underscore...")
28	pass	needs_correction	NA	Capitalization issue at the start of paragraph ("the result is not yet clear...")
31	pass	needs_correction	NA	The prose uses repetitive, promotional, and keyword-stuffed language ("highly specialized", "robust, proactive", "comprehensive data analytics", "intelligent event correlation", "deliberate strategic shift", "industry-leading", "unified, cohesive ecosystem"). It does not read like professional newsroom copy.
32	pass	needs_correction	NA	The second half of the article repeats the exact same points and statistics (SAR 10 billion, 800k employees, Merak Capital funding, compliance mandates) already covered in the first half. The structure is repetitive and padded, failing the professional newsroom standard.
33	pass	needs_correction	NA	Repetitive, padded writing in the later paragraphs.
34	needs_correction	needs_correction	Saudi Arabia's Vision 2030 and the UAE's National Strategy for Artificial Intelligence — Remove references to specific national strategies not in the source | healthcare, finance, and energy leading the way in AI adoption — Remove specific sector predictions not in the source	The draft includes significant sections of hallucinated analysis and commentary under the headings "Strategic Partnerships and Capability Building", "The Role of Government and Policy", and "Future Outlook and Investment Trends" which pad the word count and read like repetitive AI-generated fluff rather than professional newsroom copy.
35	pass	needs_correction	NA	Paragraph 2 duplicates entire sentences from Paragraph 5 ("The partnership demonstrates the company's ability to deliver not just individual processors..." and "The public nature of the announcement at DeepFest 2026 also signals...")
38	pass	needs_correction	NA	Promotional tone in "highly anticipated", "formidable institutional partners", "massive technology conferences", "pushing the boundaries", "impressive breadth of innovation", "robust, highly coordinated network", "powerful consortium", "remarkably strong operational foundation". Needs neutral, professional newsroom copy.
39	pass	needs_correction	NA	Repetitive and promotional writing (e.g., "significant and highly anticipated move designed to elevate", "concerted and well-resourced effort", "diverse and highly relevant cross-section of high-growth sectors", "accurately reflecting the broadening scope, increasing sophistication, and growing maturity", "immense scale of the event provides an unparalleled platform")
42	needs_correction	needs_correction	"The A2 Ultra is designed to showcase the integration of advanced artificial intelligence with sophisticated mechanical engineering, aiming to perform a wide range of tasks that were previously thought to be exclusive to human capabilities." — NA | "The focus on humanoid robots in Riyadh reflects a growing recognition of their potential to address complex challenges in logistics, manufacturing, and service sectors." — NA	"The focus on real-world applications at the Tech Arena LEAP 2026 is a a reflection" — "is a reflection"
45	pass	needs_correction	NA	Repetitive phrasing: "shifting the narrative from strategic vision to immediate, large-scale government deployment" is repeated twice in the opening paragraph. | Keyword stuffing: "artificial intelligence" is used repetitively and unnaturally throughout the text. | Repetitive phrasing: "The SAMAI 2 initiative represents a massive, structured procurement window for international AI vendors" is repeated.
46	pass	needs_correction	NA	The prose contains repetitive phrasing ("HUMAIN Microsoft partnership") and some promotional tone, but it's acceptable for news. The article reads mostly fine, though a bit repetitive. | Repetitive phrasing "HUMAIN Microsoft partnership" in multiple paragraphs.
47	pass	needs_correction	NA	repetitive prose | promotional tone | keyword-stuffed writing
49	pass	needs_correction	NA	Repetitive phrasing and promotional tone throughout | Lack of original newsroom style
51	needs_correction	needs_correction	intelligent chatbots and automated document processing — NA | Predictive analytics can identify potential areas of dispute — NA	Prose is highly repetitive and padded, reading like promotional copy rather than a professional newsroom article. It relies heavily on generic, repetitive phrases ("This involves...", "This not only...", "By leveraging...") and stretches a brief 6-point fact summary into over 1,100 words. The opening paragraph is wordy and not concise.
56	pass	needs_correction	NA	Repetitive and keyword-stuffed writing | Overly analytical and promotional tone
60	pass	needs_correction	NA	Wordy, repetitive sections on Vision 2030 and functional portfolios | Prose lacks tight newsroom pacing and is overly promotional/repetitive in later paragraphs
61	pass	needs_correction	NA	repetitive boilerplate paragraphs | keyword-stuffed writing | promotional tone
62	needs_correction	needs_correction	Musaned — remove from company_names | Qiwa — remove from company_names | Logisti — remove from company_names | Nama — remove from company_names | Ministry of Tourism — remove from company_names | Geospatial Technology — remove from topic_names and tag_names | Travel Technology — remove from topic_names and tag_names	The draft is excessively repetitive, promotional, and keyword-stuffed. It reads like a press release rather than professional newsroom copy. Examples of promotional/repetitive language: "significant milestone reflects the Kingdom's accelerated digital transformation efforts," "demonstrating an expanding scope of digital governance," "remarkable aspect," "sheer volume," "impressive score," "consistent high performance," "crucial component," "fundamental aspect," "proactive approach." It also repeatedly states the index reached 87.06% and mentions Saudi Vision 2030 and digital transformation in a generic, promotional manner.
65	needs_correction	needs_correction	providing social loans and supporting small and medium enterprises — NA	Repetitive and promotional writing ("a concrete move", "significant step", "critical milestone", "new standard for operational excellence") | Fluff/filler in the second half of the article (paragraphs 15-18 are pure filler, summarizing the same points repeatedly and making generic statements about Vision 2030 and digital economy)
66	pass	needs_correction	NA	Prose is highly repetitive, duplicating entire paragraphs verbatim | Contains keyword-stuffed paragraphs ("Microsoft Saudi Arabia East will be a key part... LEAP 2026 Microsoft is a big deal...")
68	pass	needs_correction	NA	Draft is excessively long, repetitive, and padded with generic filler about digital transformation, LEAP 2026, and the digital economy instead of delivering concrete news. | The article is heavily padded to meet a word count, rather than being written like professional newsroom copy.
69	pass	needs_correction	NA	Repetitive, promotional, and keyword-stuffed writing in the final paragraph
70	pass	needs_correction	NA	Repetitive writing: "Zawal portal is expected to play a pivotal role", "The Zawal portal represents a significant milestone" are promotional/repetitive | Unanswered questions section reads like filler/speculation without evidence
72	pass	needs_correction	NA	Repetitive writing at the end of the article ("The company is committed to innovation and growth in the technology sector." repeated numerous times)
73	pass	needs_correction	NA	repetitive phrasing | promotional tone
75	pass	needs_correction	NA	Repetitive phrasing and keyword stuffing ("HUMAIN and Applied Intuition to Deploy National Autonomous Trucking Network" appears awkwardly in the opening sentence and repeatedly in SEO fields) | Promotional tone ("bold step towards a more connected and efficient future", "powerful example of what can be achieved") | Repetitive conclusions and filler content in the last few paragraphs
76	pass	needs_correction	NA	Repetitive writing: The second paragraph is repeated exactly three times.
77	pass	needs_correction	NA	highly repetitive and keyword-stuffed text with verbatim paragraphs duplicated multiple times
78	pass	needs_correction	NA	Draft is highly repetitive and contains extensive promotional filler ("The strategic importance of this announcement cannot be overstated", "Looking ahead, the success...", "As the technology landscape continues to evolve..."). Needs significant trimming to meet professional newsroom standards.
80	pass	needs_correction	NA	Keyword stuffing: Unnatural phrasing like 'Classpedia education platform', 'Synclo AI enterprise capabilities', and 'Chattrik communication tools' in the same paragraph | Keyword stuffing: Unnatural insertion of 'Pakistan tech startups at LEAP 2026'
84	pass	needs_correction	NA	Repetitive, keyword-stuffed final paragraph with generic filler sentences | Poorly structured conclusion lacking original professional newsroom copy standards
85	pass	needs_correction	NA	Repetitive and keyword-stuffed phrasing ("HUMAIN AI PC", "Qualcomm Snapdragon X2 Elite", "LEAP 2026", "Saudi digital economy", "enterprise environments") | Promotional tone ("formidable chipset", "computational muscle", "powerful statement of intent") | Repetitive paragraph structure and content (e.g. repeating the 80 trillion ops, the 2027 OS transition, and the 1 million target)
86	pass	needs_correction	NA	The article is highly repetitive, keyword-stuffed, and reads like promotional material rather than professional newsroom copy. Multiple paragraphs restate the same points about "advanced wireless technologies," "digital transformation," and "local integration capabilities" without adding new information. The structure is padded and lacks conciseness.
88	pass	needs_correction	NA	The final paragraph before References contains repetitive, keyword-stuffed, promotional writing ("The initiative aligns with broader economic diversification goals...", "This comprehensive approach is designed to foster...", etc.) which violates the professional newsroom quality standard.
93	pass	needs_correction	NA	Promotional and repetitive boilerplate in final paragraph
95	needs_correction	needs_correction	blockchain and artificial intelligence — NA	Repetitive boilerplate writing at the end of the article ("The strategic initiatives are designed to foster sustainable growth..." through the end of the paragraph) | Keyword-stuffed phrasing in the second paragraph ("The Ghanem funding is expected to play...", "This Al-Romaih Group investment highlights the growing interest in innovative property investment KSA models.")
96	pass	needs_correction	NA	Repetitive and keyword-stuffed writing. The phrase 'The platform connects organizational goals and performance management with analytics and AI-powered insights, embedding performance into the daily flow of work' is repeated 5 times. The last three paragraphs are verbatim repetitions of source facts and the introduction.
97	pass	needs_correction	NA	Draft uses repetitive phrasing (e.g., "The exhibition will...", "These products are expected to...", "The agreements will...", "The discussions on...") | Contains significant promotional/filler language ("underscoring the growing importance of the Saudi market in the global digital landscape", "fostering a deeper understanding", "robust pipeline of digital initiatives") | Repetitive conclusions at the end of each section.
