2	804	humain-and-datavolt-break-ground-on-100mw-ai-data-center-at-neom
53	737	tencent-cloud-inks-trukker-partnership-ahead-of-leap-2026
56	845	riyadh-metro-launches-dedicated-leap-2026-shuttle-route
70	837	saudi-border-guard-unveils-zawal-maritime-security-tech-at-leap
79	835	ai-geo-navigators-unveils-mirsad-hazard-platform-at-leap-2026
83	750	weride-showcases-robotaxi-gxr-and-robobus-at-leap-2026
89	731	builders-tribe-and-p-sha-lead-founder-delegations-to-leap-2026
90	831	quikbot-and-efgh-partner-to-embed-real-time-insurance-into-physical-ai
92	843	leap-2026-names-gulf-car-and-makani-as-official-transportation-and-internal-shuttle-providers
94	1303	leap-2026-debuts-gamex-creative-with-roblox-and-esl-faceit-experiences
