1	style	Promotional or formulaic phrases found: ['marks a significant milestone']
2	style	Promotional or formulaic phrases found: ['unprecedented']
3	style	Promotional or formulaic phrases found: ['seamlessly', 'unprecedented']
4	style	Promotional or formulaic phrases found: ['seamlessly']
5	seo.focus_keyword	Focus keyword does not appear as an exact phrase in the first 120 words.
6	seo.focus_keyword	Focus keyword does not appear as an exact phrase in the first 120 words.
6	style	Promotional or formulaic phrases found: ['cutting-edge', 'unprecedented']
8	seo.focus_keyword	Focus keyword does not appear as an exact phrase in the first 120 words.
8	style	Promotional or formulaic phrases found: ['cutting-edge', 'unprecedented']
9	style	Promotional or formulaic phrases found: ['seamlessly']
10	seo.focus_keyword	Focus keyword does not appear as an exact phrase in the first 120 words.
11	seo.focus_keyword	Focus keyword does not appear as an exact phrase in the first 120 words.
12	style	Promotional or formulaic phrases found: ['it remains to be seen', 'at the forefront', 'seamlessly']
15	seo.focus_keyword	Focus keyword does not appear as an exact phrase in the first 120 words.
15	style	Promotional or formulaic phrases found: ['marks a significant milestone']
16	seo.focus_keyword	Focus keyword does not appear as an exact phrase in the first 120 words.
16	style	Promotional or formulaic phrases found: ['seamlessly']
17	seo.focus_keyword	Focus keyword does not appear as an exact phrase in the first 120 words.
18	style	Promotional or formulaic phrases found: ['cutting-edge']
19	style	Promotional or formulaic phrases found: ['cutting-edge']
20	style	Promotional or formulaic phrases found: ['seamlessly']
21	seo.focus_keyword	Focus keyword does not appear as an exact phrase in the first 120 words.
22	style	Promotional or formulaic phrases found: ['in an era where', 'unprecedented']
25	seo.focus_keyword	Focus keyword does not appear as an exact phrase in the first 120 words.
25	style	Promotional or formulaic phrases found: ['unprecedented']
26	seo.focus_keyword	Focus keyword does not appear as an exact phrase in the first 120 words.
26	style	Promotional or formulaic phrases found: ['paradigm shift']
28	style	Promotional or formulaic phrases found: ['it remains to be seen', 'seamlessly']
30	seo.focus_keyword	Focus keyword does not appear as an exact phrase in the first 120 words.
30	style	Promotional or formulaic phrases found: ['cutting-edge', 'at the forefront']
31	style	Promotional or formulaic phrases found: ['seamlessly', 'unprecedented']
33	style	Promotional or formulaic phrases found: ['at the forefront', 'seamlessly']
34	style	Promotional or formulaic phrases found: ['cutting-edge']
35	style	Promotional or formulaic phrases found: ['seamlessly', 'unprecedented']
36	seo.focus_keyword	Focus keyword does not appear as an exact phrase in the first 120 words.
36	style	Promotional or formulaic phrases found: ['at the forefront']
38	style	Promotional or formulaic phrases found: ['seamlessly']
40	seo.focus_keyword	Focus keyword does not appear as an exact phrase in the first 120 words.
40	style	Promotional or formulaic phrases found: ['in an era where']
41	style	Promotional or formulaic phrases found: ['cutting-edge']
42	style	Promotional or formulaic phrases found: ['groundbreaking', 'cutting-edge', 'testament to']
43	style	Promotional or formulaic phrases found: ['seamlessly']
44	seo.focus_keyword	Focus keyword does not appear as an exact phrase in the first 120 words.
46	style	Promotional or formulaic phrases found: ['testament to']
48	style	Promotional or formulaic phrases found: ['seamlessly', 'unprecedented']
49	style	Promotional or formulaic phrases found: ['testament to', 'marks a significant milestone', 'seamlessly']
50	style	Promotional or formulaic phrases found: ['seamlessly']
51	style	Promotional or formulaic phrases found: ['paradigm shift', 'testament to']
54	style	Promotional or formulaic phrases found: ['unprecedented']
56	seo.focus_keyword	Focus keyword does not appear as an exact phrase in the first 120 words.
57	style	Promotional or formulaic phrases found: ['cutting-edge', 'seamlessly', 'unprecedented']
58	style	Promotional or formulaic phrases found: ['cutting-edge', 'seamlessly']
59	style	Promotional or formulaic phrases found: ['seamlessly']
61	style	Promotional or formulaic phrases found: ['cutting-edge', 'in an era where']
62	seo.focus_keyword	Focus keyword does not appear as an exact phrase in the first 120 words.
64	style	Promotional or formulaic phrases found: ['testament to', 'unprecedented']
65	style	Promotional or formulaic phrases found: ['cutting-edge', 'testament to']
66	seo.focus_keyword	Focus keyword does not appear as an exact phrase in the first 120 words.
66	style	Promotional or formulaic phrases found: ['marks a significant milestone']
67	style	Promotional or formulaic phrases found: ['underscores its commitment']
68	style	Promotional or formulaic phrases found: ['seamlessly']
69	seo.focus_keyword	Focus keyword does not appear as an exact phrase in the first 120 words.
69	style	Promotional or formulaic phrases found: ['testament to']
71	style	Promotional or formulaic phrases found: ['cutting-edge', 'seamlessly']
72	seo.focus_keyword	Focus keyword does not appear as an exact phrase in the first 120 words.
73	style	Promotional or formulaic phrases found: ['cutting-edge']
75	style	Promotional or formulaic phrases found: ['groundbreaking', 'testament to']
76	seo.focus_keyword	Focus keyword does not appear as an exact phrase in the first 120 words.
78	style	Promotional or formulaic phrases found: ['in an era where', 'seamlessly', 'unprecedented']
80	seo.focus_keyword	Focus keyword does not appear as an exact phrase in the first 120 words.
80	style	Promotional or formulaic phrases found: ['seamlessly']
84	seo.focus_keyword	Focus keyword does not appear as an exact phrase in the first 120 words.
85	style	Promotional or formulaic phrases found: ['testament to', 'seamlessly']
89	seo.focus_keyword	Focus keyword does not appear as an exact phrase in the first 120 words.
92	style	Promotional or formulaic phrases found: ['seamlessly']
93	style	Promotional or formulaic phrases found: ['testament to', 'seamlessly', 'unprecedented']
94	style	Promotional or formulaic phrases found: ['seamlessly']
95	seo.focus_keyword	Focus keyword does not appear as an exact phrase in the first 120 words.
95	style	Promotional or formulaic phrases found: ['cutting-edge', 'testament to', 'underscores its commitment', 'at the forefront']
96	seo.focus_keyword	Focus keyword does not appear as an exact phrase in the first 120 words.
97	style	Promotional or formulaic phrases found: ['at the forefront']
100	seo.focus_keyword	Focus keyword does not appear as an exact phrase in the first 120 words.
