1	AWS to Launch Saudi Cloud Region in December 2026 with HUMAIN AI Zone	LEAP 2026	95		https://www.aboutamazon.com/news/aws/aws-cloud-region-saudi-arabia	https://www.aboutamazon.com/news/aws/aws-cloud-region-saudi-arabia
2	HUMAIN and DataVolt Break Ground on 100MW AI Data Center at NEOM	LEAP 2026	95		https://data-volt.com/media/breaking-news/humain-partners-datavolt-develop-100mw-of-a-360mw-ai-datacenter-in-neom/	https://data-volt.com/media/breaking-news/humain-partners-datavolt-develop-100mw-of-a-360mw-ai-datacenter-in-neom/
3	Adobe grants $4B in free AI tools to 27M Saudi residents	LEAP 2026	95		https://news.adobe.com/news/2026/08/adobe-mcit-and-humain-expand-partnership	https://news.adobe.com/news/downloads/pdfs/2026/08/31/083126-adobe-mcit-and-humain-expand-partnership-providing-over-4bn-in-free-access-to-ai-powered-creative-tools-to-millions-of-citizens-and-residents-of-saudi-arabia.pdf
4	HONOR to Unveil World's First Robot Phone at LEAP 2026	LEAP 2026	95	true	https://saudigazette.com.sa/article/664013	https://saudigazette.com.sa/saudigazette/uploads/images/2026/08/24/2755193.webp
5	AMD, MCIT and DCO Launch Open AI Developer Ecosystem at LEAP 2026	LEAP 2026	95		https://newsroom.amd.com/news/amd-saudi-arabia-digital-cooperation-organization-open-developer-ecosystem/	NA
6	HUMAIN and MinIO Partner to Build AI-Native Data Fabric at LEAP 2026	LEAP 2026	95		https://www.prnewswire.com/news-releases/humain-and-minio-announce-strategic-partnership-to-build-ai-data-fabric-302865004.html	https://mma.prnewswire.com/media/2347101/HUMAIN_Logo.jpg
7	HUMAIN details AI architecture with MinIO-built Fabric and Brain layers	LEAP 2026	95		https://www.prnewswire.com/ae/news-releases/humain-and-minio-announce-strategic-partnership-to-build-ai-data-fabric-302865009.html	NA
8	HUMAIN and KORA Partner to Co-Develop AI-Native Linux OS	LEAP 2026	95		https://sg.finance.yahoo.com/news/humain-kora-partner-build-operating-152300289.html	NA
9	HUMAIN and KORA Co-Develop AI-Native Linux OS for 2027 Launch	LEAP 2026	95		https://www.prnewswire.com/news-releases/humain-and-kora-partner-to-build-operating-system-at-leap-2026-302865087.html	https://www.unite.ai/wp-content/uploads/2026/08/AI-Native-Linux-OS.jpg
10	ACES and Movandi Partner on Saudi 5G and 6G Infrastructure	LEAP 2026	95		https://www.businesswire.com/news/home/20260831198696/en/	NA
11	Lenovo Unveils First Saudi-Made Laptop at LEAP 2026 Ahead of Mass Production	LEAP 2026	95		https://news.lenovo.com/pressroom/press-releases/unveils-first-laptop-manufactured-saudi-arabia-supporting-the-kingdoms-vision-for-advanced-manufacturing/	https://news.lenovo.com/wp-content/uploads/2025/02/Lenovo-and-Alat-Announcement.jpg
12	KACST and Pasqal Launch Quantum-Safe Cryptography Research Ahead of LEAP 2026	LEAP 2026	95		https://markets.businessinsider.com/news/stocks/pasqal-and-kacst-launch-strategic-quantum-research-collaboration-as-pasqal-expands-presence-in-saudi-arabia-1036507277	https://www.globenewswire.com/NewsRoom/AttachmentNg/6e51e6ce-621e-472d-98f3-f5af95dbc526
13	Pasqal and KACST Launch Quantum Cryptography Research Ahead of LEAP 2026	LEAP 2026	100		https://www.globenewswire.com/news-release/2026/08/31/3353273/0/en/pasqal-and-kacst-launch-strategic-quantum-research-collaboration-as-pasqal-expands-presence-in-saudi-arabia.html	NA
14	Data Dynamics launches Enterprise 2.0.5 at LEAP 2026 to solve AI data governance bottleneck	LEAP 2026	95		https://www.prnewswire.com/news-releases/data-dynamics-launches-enterprise-2-0-5-at-leap-2026--bringing-governed-ai-to-the-data-layer-302864847.html	https://mma.prnewswire.com/media/3008916/Data_Dynamics_Enterprise_launch.jpg
15	Think Unveils Think Fabric at LEAP 2026 to Optimize Bare-Metal AI Compute	LEAP 2026	95		https://www.prnewswire.com/news-releases/think-unveils-think-fabric-a-new-approach-to-bare-metal-heterogeneous-ai-compute-built-for-the-age-of-efficiency-302864558.html	NA
16	Think Launches Think Fabric Bare-Metal AI Compute Platform at LEAP 2026	LEAP 2026	95	true	https://www.prnewswire.com/news-releases/think-unveils-think-fabric-a-new-approach-to-bare-metal-heterogeneous-ai-compute-built-for-the-age-of-efficiency-302864558.html	https://www.think-ai.com/
17	NetApp Showcases AI-Ready Data Infrastructure and Autonomous Security at LEAP 2026	LEAP 2026	95		https://www.zawya.com/en/press-release/companies-news/netapp-to-showcase-how-the-netapp-platform-enables-ai-ready-data-unified-storage-proactive-protection-and-complete-control-at-leap-2026-471691	https://intlbm.com/wp-content/uploads/2026/08/Suhail-Hasanain-Senior-Director-and-General-Manager-MEA-at-NetApp.-Image-Courtesy-NetApp.png
18	IFS and Microsoft showcase real-world industrial AI applications at LEAP 2026	LEAP 2026	95		https://www.zawya.com/en/press-release/ifs-brings-industrial-ai-from-experimentation-to-execution-at-leap-2026-469150	https://gecnewswire.com/wp-content/uploads/2026/08/Rahul-Misra-Senior-Vice-President-Managing-Director-MEA-at-IFS.-e1724673623728.jpg
19	Smobler Explores Robin AI Expansion to Halal Compliance at LEAP 2026	LEAP 2026	95		https://www.prnewswire.com/news-releases/from-haccp-to-halal-smobler-takes-vertical-ai-food-compliance-push-to-leap-2026-302864963.html	NA
20	Voiset 2.0 Brings AI Voice Planning and Full Arabic Support to MENA at LEAP 2026	LEAP 2026	95		https://finance.yahoo.com/technology/ai/articles/popular-ai-planner-voiset-launches-172900543.html	https://www.voiset.io/blog/personal-planning-with-voiset-2-0
21	Adobe Offers $4B in Free AI Tools to Saudis with Culturally Tuned Model	LEAP 2026	95		https://news.adobe.com/news/2026/08/adobe-mcit-and-humain-expand-partnership	NA
22	Salam unveils AI-enabled cloud and connectivity infrastructure at LEAP 2026	LEAP 2026	95		https://www.zawya.com/en/press-release/companies-news/salam-announces-strategic-sponsorship-of-leap-2026-471675	NA
23	Mannai IT Saudi Showcases AI for Smart Cities at LEAP 2026	LEAP 2026	95		https://www.tahawultech.com/news/mannai-information-technology-to-highlight-future-of-sports-smart-cities-enterprises-through-ai-and-digital-innovation-at-leap/	NA
24	AWS Launches Free AI Academy and Hackathon at LEAP 2026	Both	95	true	https://onegiantleap.com/aws-ai-academy	https://onegiantleap.com/aws-ai-academy
25	Adobe Commits $4B to Free AI Tools for 27M Saudi Citizens at LEAP 2026	LEAP 2026	100	true	https://news.adobe.com/news/2026/08/adobe-mcit-and-humain-expand-partnership	NA
26	Pakistan Tech Firms Target Saudi Expansion at LEAP 2026	LEAP 2026	95	true	https://www.arabnews.com/node/2656296/pakistan	https://www.arabnews.com/sites/default/files/styles/n_670_395/public/2026/08/30/4514301-1406734346.jpg
27	Specialized by stc Unveils National Capability Layers at LEAP 2026	LEAP 2026	95		https://www.zawya.com/en/press-release/companies-news/specialized-by-stc-unveils-national-capability-layers-at-leap-2026-472860	NA
28	Ericsson Showcases 5G Advanced and AI Networks at LEAP 2026	LEAP 2026	95		https://www.ericsson.com/en/press-releases/5/2026/ericsson-at-leap-2026	NA
29	Huawei Unveils AI-Powered Enterprise Solutions Under 'Advancing Industrial All Intelligence' Theme at LEAP 2026	LEAP 2026	90		https://e.huawei.com/sa/events/branding/leap/2026	https://e.huawei.com/sa/events/branding/leap/2026
30	Cisco unveils Saudi cloud data centers and local manufacturing plans	LEAP 2026	95	true	https://news-blogs.cisco.com/emea/2025/02/09/cisco-saudi-arabia-cloud-data-centers-ai-talent-manufacturing/	NA
31	IBM and Ejada Systems Use AI Agent Bob to Accelerate Enterprise Modernization in Saudi Arabia	LEAP 2026	95		https://mea.newsroom.ibm.com/Ejada-IBM-Bob	NA
32	IBM and Ejada Systems Accelerate Saudi Enterprise Modernization with IBM Bob	LEAP 2026	100	true	https://mea.newsroom.ibm.com/Ejada-IBM-Bob	NA
33	SBM Unveils Maxera 3D Digital Twin Powered by IBM Maximo at LEAP 2026	LEAP 2026	95		https://t.co/W2NiqyUjDU	NA
34	AWS AI Academy Brings Free Agentic AI Training and Hackathons to LEAP 2026	LEAP 2026	95		https://onegiantleap.com/aws-ai-academy	NA
35	HUMAIN and MinIO Partner to Build Advanced AI-Native Data Fabric	LEAP 2026	95	true	https://www.morningstar.com/news/pr-newswire/20260831ln36957/humain-and-minio-announce-strategic-partnership-to-build-ai-data-fabric	https://cdn.prod.website-files.com/681c8426519d8db8f867c1e8/69160aac8c4c713e2ea292f3_Garima-Kapoor.jpg
36	Cloudflare Spotlights Agentic AI Infrastructure and Security at LEAP 2026	LEAP 2026	95		https://cxodx.com/cloudflare-to-spotlight-ai-security-and-agentic-infrastructure-vision-at-leap-2026/	NA
37	AWS Unveils 2026 Saudi Region Launch with 50MW AI Zone and ZainTECH Partnership	LEAP 2026	95		https://www.aboutamazon.com/news/aws/aws-cloud-region-saudi-arabia	https://www.aboutamazon.com/news/aws/aws-cloud-region-saudi-arabia
38	Mobiz launches three enterprise AI and cloud solutions at LEAP 2026	LEAP 2026	90		https://www.mobizinc.com/events/mobiz-at-leap	NA
39	Horizontal Digital Debuts Agentic AI Concierge with Salesforce at LEAP 2026	LEAP 2026	95		https://www.horizontaldigital.com/news/leap-2026-with-salesforce	NA
40	Link Development Launches Frontier Ascent Agentic AI Operating Model at LEAP 2026	LEAP 2026	95		https://linkdevelopment.com/newsroom/events/architecting-the-intelligent-enterprise-link-developments-frontier-ascent-at-leap-2026/	NA
41	Twaasol Showcases MENA-First Cisco Meeting Rooms Certification at LEAP 2026	LEAP 2026	95		https://www.linkedin.com/posts/twaasol_leap2026-cisco-twaasol-activity-7490450818014384129-THwR	NA
42	CONNECT PS and Cisco Debut Splunk Observability for Contact Centers at LEAP 2026	LEAP 2026	95		https://followict.news/en/connect-ps-strengthens-its-presence-at-leap-2026-showcasing-a-unique-cisco-splunk-observability-experience-for-modern-contact-centers/	https://followict.news/wp-content/uploads/2026/08/IMG-20260816-WA00072.jpg
43	Data Dynamics Launches Enterprise 2.0.5 for Governed AI at LEAP 2026	LEAP 2026	95	true	https://finance.yahoo.com/technology/ai/articles/data-dynamics-launches-enterprise-2-095800017.html	https://mma.prnewswire.com/media/3008916/Data_Dynamics_Enterprise_launch.jpg
44	Salam unveils Connectivity+ vision and AI infrastructure at LEAP 2026	LEAP 2026	95	true	https://www.telecomreview.com/articles/telecom-operators/29995-salam-announces-strategic-sponsorship-of-leap-2026-and-unveils-ai-enabled-connectivity-solutions-powering-the-kingdoms-digital-future/	NA
45	LEAP 2026 opens its landmark fifth edition in Riyadh	LEAP 2026	95	true	https://www.azcentral.com/press-release/story/116758/leap-2026-opens-tomorrow-what-to-watch-as-the-global-technology-community-gathers-in-riyadh/	NA
46	Jisr Unveils Next-Gen Integrated HR and Finance Platform at LEAP 2026	LEAP 2026	95	true	https://www.zawya.com/en/press-release/events-conferences/leap-2026-sees-launch-of-new-technologies-for-hr-and-financial-operations-472694	NA
47	Adobe Grants $4B in Free AI Tools to 27M Saudi Citizens in HUMAIN Partnership	LEAP 2026	95	true	https://en.sharikatmubasher.com/media-hub/news/21571674/adobe-expands-partnership-with-mcit-humain-grants-4bn-free-ai-tools?lang=en	NA
48	MOZN Expands Enterprise AI Focus at LEAP 2026 Following HUMAIN Investment	LEAP 2026	95	true	https://www.mozn.ai/blog/leap-2026-riyadh	NA
49	Lenovo Unveils First Saudi-Manufactured Laptop at LEAP 2026	LEAP 2026	100		https://news.lenovo.com/pressroom/press-releases/unveils-first-laptop-manufactured-saudi-arabia-supporting-the-kingdoms-vision-for-advanced-manufacturing/	NA
50	HUMAIN to Unveil 'Designed in Saudi Arabia' AI PC at LEAP 2026	LEAP 2026	95	true	https://bridgemena.com/news/humain-prepares-to-unveil-ai-powered-pc-at-leap-2026	https://img.einpresswire.com/large/1027732/leap-logo.jpeg
51	HUMAIN and KORA Co-Develop AI-Native Linux OS for 2027	LEAP 2026	100	true	https://www.prnewswire.com/news-releases/humain-and-kora-partner-to-build-operating-system-at-leap-2026-302865087.html	NA
52	Adobe, HUMAIN to Give 27M Saudis Free Access to AI Creative Tools	LEAP 2026	100		https://news.adobe.com/news/2026/08/adobe-mcit-and-humain-expand-partnership	NA
53	LEAP 2026: Sovereign AI Panel Unites HUMAIN, Inferact, MiniMax and Playco	LEAP 2026	95		https://www.linkedin.com/posts/arab-times-news_leap2026-humain-sovereignai-activity-7499749088498778112-R1wl	https://scontent-ams4-1.xx.fbcdn.net/v/t39.30808-6/457910103_1427938622811318_1003444458999321350_n.jpg
54	Accenture to Unveil Sovereign AI Strategy Research at LEAP 2026	LEAP 2026	95	true	https://fastcompanyme.com/news/accenture-highlights-whats-next-for-sovereign-ai-in-the-middle-east-at-leap-2026/	https://fastcompanyme.com/wp-content/uploads/2026/08/Accenture-LEAP-2026.jpg
55	AWS to Launch Saudi Cloud Region and 50MW AI Zone with HUMAIN	LEAP 2026	95	true	https://www.aboutamazon.com/news/aws/aws-cloud-region-saudi-arabia	https://mma.prnewswire.com/media/2971831/AWS_HUMAIN_ONE.jpg
56	Oracle and AMD Partner on 50,000 MI450 GPU Supercluster at DeepFest 2026	DeepFest 2026	95	true	https://www.oracle.com/news/announcement/ai-world-oracle-and-amd-expand-partnership-to-help-customers-achieve-next-generation-ai-scale-2025-10-14/	https://www.oracle.com/news/announcement/ai-world-oracle-and-amd-expand-partnership-to-help-customers-achieve-next-generation-ai-scale-2025-10-14/
57	Lenovo Unveils First Saudi-Manufactured Laptop at LEAP 2026	LEAP 2026	95	true	https://arabianreseller.com/2026/08/31/lenovo-unveils-first-laptop-manufactured-in-saudi-arabia/	https://arabianreseller.com/wp-content/uploads/2026/08/Untitled-1.jpg.jpeg
58	AMD, Cisco, and HUMAIN Launch Live AI Infrastructure in Saudi Arabia	LEAP 2026	100	true	https://ir.amd.com/news-events/press-releases/detail/1298/amd-cisco-and-humain-expand-saudi-arabias-ai-infrastructure-as-amd-instinct-systems-go-live	https://www.humain.com/news/amd-and-humain-launch
59	Data Dynamics Launches Enterprise 2.0.5 at LEAP 2026 for AI Governance	LEAP 2026	95	true	https://finance.yahoo.com/technology/ai/articles/data-dynamics-launches-enterprise-2-095800017.html	https://mma.prnewswire.com/media/3008916/Data_Dynamics_Enterprise_launch.jpg
60	Snowflake plans strategic MCIT initiative at LEAP 2026 for Saudi AI expansion	LEAP 2026	95	true	https://ciome.economictimes.indiatimes.com/news/cloud-computing/snowflake-deepens-saudi-push-with-planned-mcit-tie-up-at-leap-2026/133452499	NA
61	Data Dynamics Launches Enterprise 2.0.5 for Governed AI at DeepFest 2026	DeepFest 2026	95		https://www.prnewswire.com/news-releases/data-dynamics-launches-enterprise-2-0-5-at-leap-2026--bringing-governed-ai-to-the-data-layer-302864847.html	https://mma.prnewswire.com/media/3008916/Data_Dynamics_Enterprise_launch.jpg
62	SparkLabs Saudi to debut 8 portfolio startups at LEAP 2026	LEAP 2026	95	true	https://www.linkedin.com/posts/menastartupdigest_sparklabs-ksu-demo-day-to-showcase-eight-activity-7499103621423341568-kQCQ	https://sparklabssaudi.com/__l5e/assets-v1/66c0a466-2179-46f0-8d8a-d27d4644bf99/sparklabs-logo.png
63	Ignite Brings 10 Promising Pakistani Startups to LEAP 2026	LEAP 2026	95	true	https://www.linkedin.com/posts/ignitentf_ignite-leap2026-leapriyadh-activity-7499738617377001473-tVuA	https://ignite.org.pk/wp-content/uploads/2024/06/Ignite-LEAP-2026.png
64	Blossom Accelerator Named Official LEAP 2026 Soft-Landing Partner for Startups	LEAP 2026	95		https://blossom.sa/founders-startups/soft-landing/	https://blossom.sa/wp-content/uploads/2024/02/blossom-logo.png
65	Ignite Brings 10 Promising Pakistani Startups to LEAP 2026	LEAP 2026	90		https://www.facebook.com/TechdestiNationPakistan/posts/need-to-find-your-competitive-edge-make-sure-to-look-out-for-these-10-startups-a/1497270165761226/	https://www.facebook.com/TechdestiNationPakistan/posts/need-to-find-your-competitive-edge-make-sure-to-look-out-for-these-10-startups-a/1497270165761226/
66	New Taipei City Government Brings 20 Taiwanese Tech Companies to LEAP 2026	LEAP 2026	95		https://www.prnewswire.com/ae/news-releases/new-taipeis-tech-ecosystem-leaps-into-the-middle-east-20-companies-to-showcase-at-leap-2026-302852444.html	NA
67	Taiwan Excellence Brings 22 AI Hardware Brands to LEAP 2026 Debut	LEAP 2026	95		https://www.linkedin.com/posts/taiwan-excellence_taiwanexcellence-saudivision2030-leap2026-activity-7499359888838627328-HgoN	https://backend.taiwanexcellence.org/upload/en/event/1104/files/507E6EFE-785D-B5E7-67D1-600DE49C4F7B.pdf
68	LEAP 2026 Tech Arena Showcases Unitree and AGIBOT Humanoid Robots	LEAP 2026	95	true	https://www.kitsapsun.com/press-release/story/791482/leap-2026-opens-tomorrow-what-to-watch-as-the-global-technology-community-gathers-in-riyadh/	NA
69	LivNSense GreenOps Selected as Top 100 Rocket Fuel Finalist at LEAP 2026	LEAP 2026	95	true	https://in.linkedin.com/company/livnsense-technologies-pvt-ltd	NA
70	HUMAIN and KORA to Develop AI-Native Linux OS at LEAP 2026	LEAP 2026	95	true	https://www.prnewswire.com/news-releases/humain-and-kora-partner-to-build-operating-system-at-leap-2026-302865087.html	NA
71	AraGeek Joins LEAP 2026 as Official Media Partner for Riyadh Event	LEAP 2026	95		https://en.arageek.com/leap-2026-riyadhs-tech-mega-event-eyes-ai-and-14-5-trillion-in-investments	NA
72	NTT DATA Showcases Sovereign AI and Smart Cities at LEAP 2026	LEAP 2026	100	true	https://services.global.ntt/en-us/newsroom/ntt-data-to-showcase-ai-powered-intelligent-ecosystems-at-leap-2026	https://techitupme.com/wp-content/uploads/2026/08/Burcak-Soydan-Managing-Director-NTT-DATA-Middle-East.jpg
73	Data Dynamics Debuts Enterprise 2.0.5 for Governed AI Data Layer at LEAP 2026	LEAP 2026	95	true	https://finance.yahoo.com/technology/ai/articles/data-dynamics-launches-enterprise-2-095800017.html	https://mma.prnewswire.com/media/3008916/Data_Dynamics_Enterprise_launch.jpg
74	AWS Accelerates Saudi Cloud Region Launch to December 2026	LEAP 2026	95	true	https://www.aboutamazon.com/news/aws/aws-cloud-region-saudi-arabia	https://onegiantleap.com/images/aws-ai-academy.png
75	Data Dynamics Launches Enterprise 2.0.5 at LEAP 2026 to Scale Governed AI	LEAP 2026	100	true	https://finance.yahoo.com/technology/ai/articles/data-dynamics-launches-enterprise-2-095800017.html	https://mma.prnewswire.com/media/3008916/Data_Dynamics_Enterprise_launch.jpg
76	Salam Transitions to AI and Cloud Solutions at LEAP 2026	LEAP 2026	95	true	https://gecnewswire.com/salam-announces-leap-2026-sponsorship-and-ai-connectivity-solutions/	NA
77	Builders Tribe and P@SHA Lead Founder Delegations to LEAP 2026	LEAP 2026	95	true	https://www.tribetechie.com/blog/leap-2026-founder-delegation	https://www.tribetechie.com/api/public/media/uploads/2026/08/88325689-3b22-47d4-a485-89f5758d2813-whatsapp-image-2026-08-14-at-19.23.53.jpg
78	LEAP 2026 Rescheduled to August Amid Regional Conflict	Both	95		https://vision2030.ai/analysis/leap-2026-postponed/	NA
79	LEAP 2026 Opens in Riyadh With Focus on Real-World AI Applications	LEAP 2026	95	true	https://tech.einnews.com/pr_news/938262440/leap-2026-opens-tomorrow-what-to-watch-as-the-global-technology-community-gathers-in-riyadh	https://img.einnews.com/large/1180892/leap-26-curtain-raiser-1.jpeg
80	Adobe pledges $4 billion in free AI creative tools for Saudi residents at LEAP 2026	LEAP 2026	95	true	https://news.adobe.com/news/2026/08/adobe-mcit-and-humain-expand-partnership	https://www.facebook.com/LEAPandInnovate/posts/from-transforming-how-the-world-creates-to-shaping-what-comes-next-with-aishanta/1424488189823028/
81	HUMAIN and KORA Partner to Co-Develop AI-Native Enterprise Linux OS	LEAP 2026	95	true	https://www.prnewswire.com/ae/news-releases/humain-and-kora-partner-to-build-operating-system-at-leap-2026-302865088.html	NA
82	Paul Doherty to Lead Urban AI Workshop at LEAP 2026	LEAP 2026	95		https://onegiantleap.com/2026-speakers/paul-doherty	NA
83	LEAP 2026 Panel to Debate Power Dynamics Between Founders and VCs	LEAP 2026	95		https://onegiantleap.com/session/founder-vs-funder-who-really-holds-power	NA
84	LEAP 2026 Unveils GameX Creative Zone Powered by Savvy Games Group	LEAP 2026	95	true	https://natlawreview.com/press-releases/leap-5-worlds-most-attended-technology-event-returns-riyadh-taking-global	https://d2c0db5b8fb27c1c9887-9b32efc83a6b298bb22e7a1df0837426.ssl.cf2.rackcdn.com/24745386-leap-prl1-1-1600x1066.jpeg
85	AQUIVIO Co-Founder Daniel Hill Joins LEAP 2026 Rocket Fuel Winners Panel	LEAP 2026	90		https://www.linkedin.com/posts/daniel-hill-%E7%9F%B3%E5%89%9B%E9%8A%93-469438144_h1a-yourwateryourway-leap-activity-7500105378484011008-zC3E	https://onegiantleap.com/2026-speakers/daniel-hill
86	Saudi Proptech Ghanem Secures $7.1M to Expand Fractional Real Estate Platform	LEAP 2026	95	true	https://thestartupscene.me/INVESTMENTS/Saudi-Proptech-Ghanem-Raises-7-1M-From-Al-Romaih-Group	https://fintech.global/wp-content/uploads/2025/11/ekrem-osmanoglu-Uor3RZNHZ9E-unsplash-1-scaled.jpg
87	QuikBot and EFGH Partner to Embed Real-Time Insurance into Physical AI	LEAP 2026	95	true	https://efgh.xyz/newsroom/press-releases/efgh-and-quikbot-launch-real-time-insurance-for-autonomous-systems	https://efgh.xyz/newsroom/press-releases/efgh-and-quikbot-launch-real-time-insurance-for-autonomous-systems
88	LEAP 2026 Smart Cities Panel Examines AI Governance and City Data Intelligence	LEAP 2026	95		https://connect.onegiantleap.com/event/leap2026/planning/UGxhbm5pbmdfNDUyMDI5Mg==	https://onegiantleap.com/2026-speakers/abdulaziz-alharbi
89	Saudi Central Bank Payment Framework Eclipses LEAP 2026 Fintech Track	LEAP 2026	95	true	https://thefintechtimes.com/leap-2026-opens-with-a-fintech-track-and-no-fintech-news/	https://thefintechtimes.com/wp-content/uploads/2026/08/leap_logo_saudi.jpg
90	Saudi Arabia Launches SAMAI 2 AI Procurement Across 11 Ministries	LEAP 2026	95	true	https://audixintel.com/saudi-year-of-ai-2026-samai/	https://sdaia.gov.sa/en/MediaCenter/News/Pages/NewsDetails.aspx?NewsID=365
91	Microsoft Brings HUMAIN's Arabic AI Models to Global Platforms	LEAP 2026	95	true	https://news.microsoft.com/source/emea/2026/08/microsoft-and-humain-announce-long-term-strategic-collaboration-to-enable-ai-transformation-in-saudi-arabia-and-beyond-2/	NA
92	Adobe, MCIT, and HUMAIN Launch $4B Initiative at LEAP 2026	LEAP 2026	95		https://news.adobe.com/news/2026/08/adobe-mcit-and-humain-expand-partnership	https://news.adobe.com/news/downloads/pdfs/2026/08/31/083126-adobe-mcit-and-humain-expand-partnership-providing-over-4bn-in-free-access-to-ai-powered-creative-tools-to-millions-of-citizens-and-residents-of-saudi-arabia.pdf
93	LEAP 2026 Names Gulf Car and Makani as Official Transportation and Internal Shuttle Providers	LEAP 2026	95	true	https://www.linkedin.com/posts/leapandinnovate_leap26-gulfcar-transportationpartner-activity-7498063151905677312-p0Ab	NA
94	LEAP Nights Partners With F1 Saudi Arabia For 2027 Grand Prix Early Access	LEAP 2026	95	true	https://www.kitsapsun.com/press-release/story/791482/leap-2026-opens-tomorrow-what-to-watch-as-the-global-technology-community-gathers-in-riyadh/	NA
95	Specialized by stc Unveils Business Critical Network and Hadath Platform at LEAP 2026	LEAP 2026	95		https://www.zawya.com/en/press-release/companies-news/specialized-by-stc-unveils-national-capability-layers-at-leap-2026-472860	NA
96	Specialized by stc to Showcase Business Critical Network at LEAP 2026	LEAP 2026	95		https://m.eyeofriyadh.com/news/details/specialized-by-stc-to-unveil-the-future-of-resilient-communications-at-leap	NA
97	IFS Partners With Microsoft to Bring Industrial AI Execution to LEAP 2026	LEAP 2026	95		https://www.zawya.com/en/press-release/ifs-brings-industrial-ai-from-experimentation-to-execution-at-leap-2026-469150	NA
98	HUMAIN and KORA Partner to Co-Develop AI-Native Enterprise Linux OS	LEAP 2026	95	true	https://www.streetinsider.com/PRNewswire/HUMAIN+and+KORA+Partner+to+Build+Operating+System+at+LEAP+2026/27003171.html	NA
99	Saudia Secures Airbus Fleet Financing MoU at LEAP 2026	LEAP 2026	95	true	https://www.tradearabia.com/News/466932/Saudia-Group-signs-MoU-to-explore-financing-for-Airbus-fleet-expansion	NA
100	Data Dynamics Unveils Enterprise 2.0.5 at LEAP 2026 to Scale AI Safely	LEAP 2026	95	true	https://finance.yahoo.com/technology/ai/articles/data-dynamics-launches-enterprise-2-095800017.html	https://mma.prnewswire.com/media/3008916/Data_Dynamics_Enterprise_launch.jpg
